<?xml version="1.0"?>
<!DOCTYPE XML SYSTEM "Protokoll.dtd">
<Protokoll><Start>Das Spiel wurde gestartet!<Spieleruebersicht Anzahl="3"><Spieler Barvermoegen="0 nt" Immobilienvermoegen="0 nt" name="Mustermann" Position="LOS (1)"/><Spieler Barvermoegen="0 nt" Immobilienvermoegen="0 nt" name="Mustermann" Position="LOS (1)"/><Spieler Barvermoegen="0 nt" Immobilienvermoegen="0 nt" name="Mustermann" Position="LOS (1)"/><Bank Barvermoegen="0 nt"/><Freiparken Steuertopf="0 nt"/></Spieleruebersicht></Start><Runde Anzahl="1">Neue Runde gestartet<Wurf Augenzahl="3">Mustermann wuerfelt und kommt auf Elektrizitaetswerk</Wurf></Runde><Runde Anzahl="2">Neue Runde gestartet<Wurf Augenzahl="3">Mustermann wuerfelt und kommt auf Hauptstrasse</Wurf></Runde><Runde Anzahl="3">Neue Runde gestartet<Kauf Kaufpreis="4.800 nt">Mustermann kauft Opernplatz</Kauf><Bau Hauspreis="3.000 nt">Mustermann baut auf Opernplatz ein neues HausOpernplatz hat nun 0 Haeuser</Bau><Verkauf Verkaufpreis="2.400 nt">Mustermann verkauft Opernplatz</Verkauf><Insolvenz>Mustermann ist insolvent</Insolvenz></Runde></Protokoll>